label,group,n_coords,N,kept,ms_per_iter,acc_rate,eps_final,ess_min,ess_med,ess_q2.5,ess_q97.5,ess_min_per_s,ess_med_per_s,msjd
gibbs,omega,10,5000,4800,1.695,,,139.1,210,145.1,389.1,17.1,25.81,4.288
gibbs,c_u_star,12,5000,4800,1.695,,,224.5,379.6,225.6,878.9,27.59,46.66,0.009976
gibbs,sigma2c,1,5000,4800,1.695,,,738.3,738.3,738.3,738.3,90.75,90.75,1.405e-06
gibbs,sigma2w,1,5000,4800,1.695,,,825.6,825.6,825.6,825.6,101.5,101.5,10.12
gibbs,zeta,1,5000,4800,1.695,,,920.6,920.6,920.6,920.6,113.2,113.2,0.0003171
hmc_legacy_identity,omega,10,1000,800,21.78,0.455,0.001968,3.279,4.605,3.322,15.28,0.1882,0.2643,0.02173
hmc_legacy_identity,c_u_star,12,1000,800,21.78,0.455,0.001968,167.5,374,177,652.6,9.616,21.47,0.01156
hmc_legacy_identity,sigma2c,1,1000,800,21.78,0.455,0.001968,209.3,209.3,209.3,209.3,12.01,12.01,1.347e-06
hmc_legacy_identity,sigma2w,1,1000,800,21.78,0.455,0.001968,202.3,202.3,202.3,202.3,11.61,11.61,12.58
hmc_legacy_identity,zeta,1,1000,800,21.78,0.455,0.001968,176.1,176.1,176.1,176.1,10.11,10.11,0.0003174
hmc_fixed_prior,omega,10,1000,800,21.76,0.589,0.07665,80.65,132,83.67,205.8,4.632,7.579,10.17
hmc_fixed_prior,c_u_star,12,1000,800,21.76,0.589,0.07665,100.6,183.9,106.2,269.5,5.78,10.56,0.01616
hmc_fixed_prior,sigma2c,1,1000,800,21.76,0.589,0.07665,108.3,108.3,108.3,108.3,6.222,6.222,1.034e-06
hmc_fixed_prior,sigma2w,1,1000,800,21.76,0.589,0.07665,78.16,78.16,78.16,78.16,4.489,4.489,6.161
hmc_fixed_prior,zeta,1,1000,800,21.76,0.589,0.07665,93.9,93.9,93.9,93.9,5.393,5.393,0.0001669
hmc_adjoint_prior,omega,10,1000,800,14.44,0.635,0.197,90.41,179.9,92.36,238.3,7.826,15.58,13.53
hmc_adjoint_prior,c_u_star,12,1000,800,14.44,0.635,0.197,157.1,273.5,157.7,324.7,13.6,23.67,0.02044
hmc_adjoint_prior,sigma2c,1,1000,800,14.44,0.635,0.197,91.61,91.61,91.61,91.61,7.93,7.93,1.258e-06
hmc_adjoint_prior,sigma2w,1,1000,800,14.44,0.635,0.197,54.39,54.39,54.39,54.39,4.708,4.708,9.082
hmc_adjoint_prior,zeta,1,1000,800,14.44,0.635,0.197,147,147,147,147,12.73,12.73,0.0002449
